{"menu":"[{\"id\":\"368\",\"title\":\"\\u4f1a\\u5458\\u5c55\\u793a\",\"pid\":\"0\",\"sort\":\"22\",\"url\":\"People\\\/config\",\"hide\":\"1\",\"tip\":\"\",\"group\":\"\",\"is_dev\":\"0\",\"icon\":\"\",\"module\":\"People\",\"_\":[{\"id\":\"369\",\"title\":\"\\u57fa\\u672c\\u8bbe\\u7f6e\",\"pid\":\"368\",\"sort\":\"0\",\"url\":\"People\\\/config\",\"hide\":\"0\",\"tip\":\"\",\"group\":\"\\u914d\\u7f6e\",\"is_dev\":\"0\",\"icon\":\"\",\"module\":\"People\",\"_\":null}]}]","default_rule":null,"auth_rule":null,"action":null,"action_limit":null}